"Geometry/Geometry/set/geomtype=Polygon:2DM/set/srs=EPSG:4326","ID/String/set/size=20/set/pk=true"
"POLYGON M ((-1.963107575273959 85.13617392637487 10, 27.059263565835174 85.13617392637487 10, 27.059263565835174 68.6667314795171 10, -1.963107575273959 68.6667314795171 10, -1.963107575273959 85.13617392637487 10))","1"
"POLYGON M ((39.813039119194556 83.5293990535107 20, 62.207463909738976 83.5293990535107 20, 62.207463909738976 63.64556000181655 20, 39.813039119194556 63.64556000181655 20, 39.813039119194556 83.5293990535107 20))","2"
"POLYGON M ((41.62066085116675 56.81676679214381 30, 64.01508564171117 56.81676679214381 30, 64.01508564171117 36.53123402223362 30, 41.62066085116675 36.53123402223362 30, 41.62066085116675 56.81676679214381 30))","3"
"POLYGON M ((-10.900792805580927 63.94683029047858 40, 35.796101937034116 63.94683029047858 40, 35.796101937034116 34.623188860707415 40, -10.900792805580927 34.623188860707415 40, -10.900792805580927 63.94683029047858 40))","4"
